strategy,annualised_sharpe
ess,-0.8304553192529229
llm_sentiment,0.4842897846455989
tangibility,-0.9362292111619084
relevance,-1.1303168421821663
composite,-0.9598021878092592
