comparison,alpha_diff_bp,t_stat,p_value_two_sided,p_value_one_sided,beta_mkt,beta_smb,beta_hml,r_squared,n_obs
LLM Sentiment - ESS,13.41663079405024,1.879787275422728,0.06013707534273584,0.03006853767136792,0.12357311540314217,0.04985682217534703,0.03627776245989545,0.00886187127179039,334
Composite - LLM Sentiment,-11.389701175829295,-1.344490331204372,0.17878988094007398,0.9106050595299631,0.05021028158173459,0.1873298961175942,-0.03960524263023085,0.009651121223711145,307
Composite - Tangibility,2.9246917386270708,0.8926783992226182,0.37202942124923455,0.18601471062461727,-0.0942375523911218,-0.092977836718037,0.028146833197448325,0.025548570915423396,379
Composite - Relevance,1.6414526237380718,0.42367817384388773,0.6718005349452202,0.3359002674726101,-0.06622812172424328,-0.00848862191321402,-0.08369952314091768,0.009540438241605775,383
