strategy,alpha,alpha_tstat,alpha_pval,beta_mkt,beta_smb,beta_hml,r_squared,n_obs
ess,-0.0008486168234554439,-1.2753630435829226,0.2021807729970626,-0.22484455476764972,-0.05551972376741232,-0.01873951238970761,0.018751076786178156,462.0
llm_sentiment,0.0002879316990230389,0.35469657928473136,0.7228169138729433,-0.10940962264109098,-0.08892099059508489,0.012789102230284902,0.0077490466756445775,341.0
tangibility,-0.0010023390415972173,-1.3228833085561142,0.18587418692357893,-0.026999312921924524,0.13676746820507263,-0.05926505507029797,0.004534090294015636,381.0
relevance,-0.001125136508272553,-1.4771342289511211,0.13963965984160617,-0.06447009426251193,0.1029005134881161,0.06183858882589144,0.004519930574138797,390.0
composite,-0.000895874742155192,-1.2404128016228992,0.21482274840510507,-0.14004884523716177,0.07732996979190095,-0.024787387287249916,0.0061529557662430845,398.0
